<?xml version="1.0" encoding="UTF-8"?>
<project-private xmlns="http://www.netbeans.org/ns/project-private/1">
    <editor-bookmarks xmlns="http://www.netbeans.org/ns/editor-bookmarks/2" lastBookmarkId="0"/>
    <open-files xmlns="http://www.netbeans.org/ns/projectui-open-files/2">
        <group>
            <file>file:/C:/Users/marcu/OneDrive/Documentos/NetBeansProjects/MercadoOO/src/mercadooo/MercadoOO.java</file>
            <file>file:/C:/Users/marcu/OneDrive/Documentos/NetBeansProjects/MercadoOO/src/Model/Produto.java</file>
            <file>file:/C:/Users/marcu/OneDrive/Documentos/NetBeansProjects/MercadoOO/src/Model/Compras.java</file>
            <file>file:/C:/Users/marcu/OneDrive/Documentos/NetBeansProjects/MercadoOO/src/Model/Cliente.java</file>
            <file>file:/C:/Users/marcu/OneDrive/Documentos/NetBeansProjects/MercadoOO/src/Controller/ControllerCliente.java</file>
            <file>file:/C:/Users/marcu/OneDrive/Documentos/NetBeansProjects/MercadoOO/src/Controller/ControllerProduto.java</file>
            <file>file:/C:/Users/marcu/OneDrive/Documentos/NetBeansProjects/MercadoOO/src/Controller/ControllerCompras.java</file>
        </group>
    </open-files>
</project-private>
